class,precision,recall,f1,support
Cloudy,0.923541,0.948347,0.935780,484
Sunny,0.949290,0.924901,0.936937,506
