,rain,snow
rain,0.991909,0.008091
snow,0.008018,0.991982
