{
  "_micro": {
    "precision": 0.551477475943115,
    "recall": 0.551477475943115,
    "f1": 0.551477475943115
  },
  "_macro": {
    "precision": 0.5401657256060753,
    "recall": 0.5598426379102123,
    "f1": 0.5391148176338418
  },
  "_weighted": {
    "precision": 0.5568365316037618,
    "recall": 0.551477475943115,
    "f1": 0.5432300487036156
  },
  "per_class": [
    {
      "precision": 0.6147525320084082,
      "recall": 0.7068776093166337,
      "f1": 0.6576042518397384,
      "support": 4551
    },
    {
      "precision": 0.5607416879795396,
      "recall": 0.3754280821917808,
      "f1": 0.44974358974358974,
      "support": 4672
    },
    {
      "precision": 0.44500295683027796,
      "recall": 0.5972222222222222,
      "f1": 0.5099966113181973,
      "support": 2520
    }
  ],
  "accuracy": 0.551477475943115
}