{
  "_micro": {
    "precision": 0.5676573277697352,
    "recall": 0.5676573277697352,
    "f1": 0.5676573277697352
  },
  "_macro": {
    "precision": 0.5550948430092203,
    "recall": 0.5704190138004455,
    "f1": 0.5566407015549465
  },
  "_weighted": {
    "precision": 0.5712006078397116,
    "recall": 0.5676573277697351,
    "f1": 0.5633141191731524
  },
  "per_class": [
    {
      "precision": 0.6276826146879307,
      "recall": 0.7005053834322127,
      "f1": 0.662097611630322,
      "support": 4551
    },
    {
      "precision": 0.5744741330301307,
      "recall": 0.4325770547945205,
      "f1": 0.4935286935286935,
      "support": 4672
    },
    {
      "precision": 0.4631277813095995,
      "recall": 0.5781746031746032,
      "f1": 0.5142957995058243,
      "support": 2520
    }
  ],
  "accuracy": 0.5676573277697352
}