,Partly Cloudy,Mostly Cloudy,Overcast
Partly Cloudy,0.700505,0.163920,0.135575
Mostly Cloudy,0.337971,0.432577,0.229452
Overcast,0.123810,0.298016,0.578175
