{
  "_micro": {
    "precision": 0.6791999125587496,
    "recall": 0.6791999125587496,
    "f1": 0.6791999125587496
  },
  "_macro": {
    "precision": 0.6819182907828889,
    "recall": 0.680045990289728,
    "f1": 0.6785916711046518
  },
  "_weighted": {
    "precision": 0.6823322717052019,
    "recall": 0.6791999125587496,
    "f1": 0.6783731320897373
  },
  "per_class": [
    {
      "precision": 0.6554321966693101,
      "recall": 0.7341772151898734,
      "f1": 0.6925735833246046,
      "support": 4503
    },
    {
      "precision": 0.7084043848964677,
      "recall": 0.6259147653895825,
      "f1": 0.664609758884699,
      "support": 4646
    }
  ],
  "accuracy": 0.6791999125587496
}