{
  "clear": {
    "precision": 0.6045845272206304,
    "recall": 0.985981308411215,
    "f1-score": 0.7495559502664298,
    "support": 214.0
  },
  "cloudy": {
    "precision": 0.2892561983471074,
    "recall": 0.8536585365853658,
    "f1-score": 0.43209876543209874,
    "support": 41.0
  },
  "overcast": {
    "precision": 0.7590822179732314,
    "recall": 0.6518883415435139,
    "f1-score": 0.7014134275618374,
    "support": 609.0
  },
  "partly cloudy": {
    "precision": 0.5412844036697247,
    "recall": 0.3881578947368421,
    "f1-score": 0.4521072796934866,
    "support": 456.0
  },
  "accuracy": 0.6212121212121212,
  "macro avg": {
    "precision": 0.5485518368026735,
    "recall": 0.7199215203192342,
    "f1-score": 0.5837938557384631,
    "support": 1320.0
  },
  "weighted avg": {
    "precision": 0.6442025392246505,
    "recall": 0.6212121212121212,
    "f1-score": 0.6147293330796371,
    "support": 1320.0
  }
}