{
  "_micro": {
    "precision": 0.9348484848484848,
    "recall": 0.9348484848484848,
    "f1": 0.9348484848484848
  },
  "_macro": {
    "precision": 0.9348941825676077,
    "recall": 0.9347854483704526,
    "f1": 0.9348281207141809
  },
  "_weighted": {
    "precision": 0.9348637174215259,
    "recall": 0.9348484848484849,
    "f1": 0.9348444120216242
  },
  "per_class": [
    {
      "precision": 0.9370485036119711,
      "recall": 0.930327868852459,
      "f1": 0.9336760925449872,
      "support": 976
    },
    {
      "precision": 0.9327398615232443,
      "recall": 0.9392430278884463,
      "f1": 0.9359801488833747,
      "support": 1004
    }
  ],
  "accuracy": 0.9348484848484848
}