,Rainy,Snowy
Rainy,0.945946,0.054054
Snowy,0.055085,0.944915
