,Cloudy,Rainy,Snowy,Sunny
Cloudy,0.0,1.7812165481229048,2.257037695676395,1.578883870222998
Rainy,1.7812165481229048,0.0,1.5066112476135591,2.999402095218846
Snowy,2.257037695676395,1.5066112476135591,0.0,3.570357454681295
Sunny,1.578883870222998,2.999402095218846,3.570357454681295,0.0
