class,precision,recall,f1,support
A_0,0.970803,0.961777,0.966269,968
A_1,0.288462,0.348837,0.315789,43
