{
  "_micro": {
    "precision": 0.9357072205736894,
    "recall": 0.9357072205736894,
    "f1": 0.9357072205736894
  },
  "_macro": {
    "precision": 0.6296322290847838,
    "recall": 0.6553070344032289,
    "f1": 0.6410291426542485
  },
  "_weighted": {
    "precision": 0.9417814761930945,
    "recall": 0.9357072205736894,
    "f1": 0.9386025291995355
  },
  "per_class": [
    {
      "precision": 0.9708029197080292,
      "recall": 0.9617768595041323,
      "f1": 0.9662688116242865,
      "support": 968
    },
    {
      "precision": 0.28846153846153844,
      "recall": 0.3488372093023256,
      "f1": 0.3157894736842105,
      "support": 43
    }
  ],
  "accuracy": 0.9357072205736894
}