{
  "train": {
    "accuracy": 0.7712121212121212,
    "f1_macro": 0.7528010928077755,
    "balanced_accuracy": 0.7710190832664039
  },
  "val": {
    "accuracy": 0.625,
    "f1_macro": 0.5934376337863809,
    "balanced_accuracy": 0.7155983306166346
  },
  "test": {
    "accuracy": 0.6128787878787879,
    "f1_macro": 0.5800291605755585,
    "balanced_accuracy": 0.7104765842995043
  },
  "best_val_f1_macro": 0.598032938658667,
  "class_names": [
    "clear",
    "cloudy",
    "overcast",
    "partly cloudy"
  ]
}