class,precision,recall,f1,support
Partly Cloudy,0.627683,0.700505,0.662098,4551
Mostly Cloudy,0.574474,0.432577,0.493529,4672
Overcast,0.463128,0.578175,0.514296,2520
