{
  "_micro": {
    "precision": 0.9454545454545454,
    "recall": 0.9454545454545454,
    "f1": 0.9454545454545454
  },
  "_macro": {
    "precision": 0.9452703365714847,
    "recall": 0.9454306000916171,
    "f1": 0.9453465880977014
  },
  "_weighted": {
    "precision": 0.9454720891576942,
    "recall": 0.9454545454545455,
    "f1": 0.9454594526071294
  },
  "per_class": [
    {
      "precision": 0.9496124031007752,
      "recall": 0.9459459459459459,
      "f1": 0.9477756286266925,
      "support": 518
    },
    {
      "precision": 0.9409282700421941,
      "recall": 0.9449152542372882,
      "f1": 0.9429175475687104,
      "support": 472
    }
  ],
  "accuracy": 0.9454545454545454
}