{
  "clear": {
    "precision": 0.6074498567335244,
    "recall": 0.9906542056074766,
    "f1-score": 0.7531083481349912,
    "support": 214.0
  },
  "cloudy": {
    "precision": 0.2956521739130435,
    "recall": 0.8292682926829268,
    "f1-score": 0.4358974358974359,
    "support": 41.0
  },
  "overcast": {
    "precision": 0.7524366471734892,
    "recall": 0.6338259441707718,
    "f1-score": 0.6880570409982175,
    "support": 609.0
  },
  "partly cloudy": {
    "precision": 0.5160349854227405,
    "recall": 0.3881578947368421,
    "f1-score": 0.4430538172715895,
    "support": 456.0
  },
  "accuracy": 0.6128787878787879,
  "macro avg": {
    "precision": 0.5428934158106994,
    "recall": 0.7104765842995043,
    "f1-score": 0.5800291605755585,
    "support": 1320.0
  },
  "weighted avg": {
    "precision": 0.6330771817824496,
    "recall": 0.6128787878787879,
    "f1-score": 0.6061335303154867,
    "support": 1320.0
  }
}