class,precision,recall,f1,support
Cloudy,0.868339,0.581933,0.696855,476
Rainy,0.834158,0.640684,0.724731,526
Snowy,0.711697,0.903766,0.796313,478
Sunny,0.712308,0.926000,0.805217,500
