{
  "_micro": {
    "precision": 0.7621212121212121,
    "recall": 0.7621212121212121,
    "f1": 0.7621212121212121
  },
  "_macro": {
    "precision": 0.7816253839986842,
    "recall": 0.7630957185330502,
    "f1": 0.755779321016824
  },
  "_weighted": {
    "precision": 0.7820411264043747,
    "recall": 0.7621212121212121,
    "f1": 0.7556354699369863
  },
  "per_class": [
    {
      "precision": 0.8683385579937304,
      "recall": 0.5819327731092437,
      "f1": 0.6968553459119498,
      "support": 476
    },
    {
      "precision": 0.8341584158415841,
      "recall": 0.6406844106463878,
      "f1": 0.7247311827956988,
      "support": 526
    },
    {
      "precision": 0.7116968698517299,
      "recall": 0.9037656903765691,
      "f1": 0.7963133640552996,
      "support": 478
    },
    {
      "precision": 0.7123076923076923,
      "recall": 0.926,
      "f1": 0.8052173913043479,
      "support": 500
    }
  ],
  "accuracy": 0.7621212121212121
}