epoch,train_loss,val_ACC
1,1.4780259774884947,0.23842264436253663
2,1.4124385671485808,0.23247448256308478
3,1.3721589927552067,0.24231523485492865
4,1.3189631100049406,0.24843469426330214
5,1.2328702014490662,0.23787921746526794
6,1.1502611275003816,0.2455639826103393
7,1.0885640192232087,0.2569050656837728
8,1.0460610919883548,0.2540579812872129
9,0.9965093159513003,0.25194924865324636
10,0.9605518236470985,0.24987005008978358
