class,precision,recall,f1,support
Cloudy,0.288462,0.031513,0.056818,476
Rainy,0.494265,0.901141,0.638384,526
Snowy,0.089286,0.020921,0.033898,478
Sunny,0.494749,0.848000,0.624908,500
