{
  "_micro": {
    "precision": 0.46616161616161617,
    "recall": 0.46616161616161617,
    "f1": 0.46616161616161617
  },
  "_macro": {
    "precision": 0.3416903092074395,
    "recall": 0.45039344788617836,
    "f1": 0.3385020525818241
  },
  "_weighted": {
    "precision": 0.34714350611992617,
    "recall": 0.4661616161616162,
    "f1": 0.3492387302455188
  },
  "per_class": [
    {
      "precision": 0.28846153846153844,
      "recall": 0.031512605042016806,
      "f1": 0.056818181818181816,
      "support": 476
    },
    {
      "precision": 0.4942648592283629,
      "recall": 0.9011406844106464,
      "f1": 0.6383838383838384,
      "support": 526
    },
    {
      "precision": 0.08928571428571429,
      "recall": 0.02092050209205021,
      "f1": 0.03389830508474576,
      "support": 478
    },
    {
      "precision": 0.49474912485414235,
      "recall": 0.848,
      "f1": 0.6249078850405305,
      "support": 500
    }
  ],
  "accuracy": 0.46616161616161617
}