,Cloudy,Clear,Foggy
Cloudy,0.258098,0.178727,0.563175
Clear,0.317868,0.088845,0.593287
Foggy,0,0.009560,0.990440
