{"mean": [1.7878560676334062e-05, 6.672369681034593e-05, 0.00043748024642087423, 0.0006870023615198518, 0.027103988951637608, -0.02187996172731794, 0.562310232978361, 0.7280834456506774, 0.170126563668316, -0.0777745040085231, 0.03704136666468052, 0.6227208258660788, 0.9584324826703335, 0.5982722506597332, 0.5468071563871109, 0.5747918564389307, 0.0021179851000488765, 0.8711435638431803, 0.1267384510567709, 0.8473756168922542, 0.02798470005182891, 0.5000370277115394], "std": [0.7070898560941894, 0.7071237024997352, 0.7069505416280017, 0.7072625172666566, 0.7050036077667373, 0.708347763526977, 0.16831976682907945, 0.19893278357001432, 0.10951221912523851, 0.6437641280075568, 0.7603596590907102, 0.2399447452343038, 0.11258750718625414, 0.19272674231855463, 0.1598176097986272, 0.1645027352785194, 0.04597280978102768, 0.33504097513260817, 0.3326797500306471, 0.06595940275998399, 0.020298939502094288, 0.49999999862874583]}