class,precision,recall,f1,support
B_0,0.982497,0.891949,0.935036,944
B_1,0.089286,0.400000,0.145985,25
