{
  "_micro": {
    "precision": 0.8792569659442725,
    "recall": 0.8792569659442725,
    "f1": 0.8792569659442725
  },
  "_macro": {
    "precision": 0.5358913985664278,
    "recall": 0.6459745762711864,
    "f1": 0.5405107462601879
  },
  "_weighted": {
    "precision": 0.959452413895608,
    "recall": 0.8792569659442725,
    "f1": 0.914678746127584
  },
  "per_class": [
    {
      "precision": 0.9824970828471412,
      "recall": 0.8919491525423728,
      "f1": 0.9350360910605219,
      "support": 944
    },
    {
      "precision": 0.08928571428571429,
      "recall": 0.4,
      "f1": 0.14598540145985403,
      "support": 25
    }
  ],
  "accuracy": 0.8792569659442725
}