,Partly Cloudy,Mostly Cloudy,Overcast
Partly Cloudy,0.706878,0.154032,0.139090
Mostly Cloudy,0.358305,0.375428,0.266267
Overcast,0.135714,0.267063,0.597222
