class,precision,recall,f1,support
B,0.515996,0.511247,0.513611,978
A,0.527201,0.531936,0.529558,1002
