{
  "_micro": {
    "precision": 0.5217171717171717,
    "recall": 0.5217171717171717,
    "f1": 0.5217171717171717
  },
  "_macro": {
    "precision": 0.5215983316643853,
    "recall": 0.5215917857536461,
    "f1": 0.5215842784611888
  },
  "_weighted": {
    "precision": 0.5216662402659775,
    "recall": 0.5217171717171718,
    "f1": 0.5216809281019037
  },
  "per_class": [
    {
      "precision": 0.5159958720330238,
      "recall": 0.5112474437627812,
      "f1": 0.5136106831022086,
      "support": 978
    },
    {
      "precision": 0.5272007912957468,
      "recall": 0.5319361277445109,
      "f1": 0.529557873820169,
      "support": 1002
    }
  ],
  "accuracy": 0.5217171717171717
}