class,precision,recall,f1,support
rain,0.997571,0.996984,0.997278,13596
snow,0.953462,0.962199,0.957811,873
