{
  "_micro": {
    "precision": 0.994885617527127,
    "recall": 0.994885617527127,
    "f1": 0.994885617527127
  },
  "_macro": {
    "precision": 0.9755166807729461,
    "recall": 0.9795918599466793,
    "f1": 0.9775442644173951
  },
  "_weighted": {
    "precision": 0.9949100058948035,
    "recall": 0.9948856175271269,
    "f1": 0.9948965283273534
  },
  "per_class": [
    {
      "precision": 0.9975713865175154,
      "recall": 0.9969844071785819,
      "f1": 0.9972778104767511,
      "support": 13596
    },
    {
      "precision": 0.9534619750283768,
      "recall": 0.9621993127147767,
      "f1": 0.9578107183580389,
      "support": 873
    }
  ],
  "accuracy": 0.994885617527127
}