{
  "_micro": {
    "precision": 0.9919137466307277,
    "recall": 0.9919137466307277,
    "f1": 0.9919137466307277
  },
  "_macro": {
    "precision": 0.9433881472238792,
    "recall": 0.991945528753656,
    "f1": 0.966201728209525
  },
  "_weighted": {
    "precision": 0.9927123623915178,
    "recall": 0.9919137466307277,
    "f1": 0.992123599079015
  },
  "per_class": [
    {
      "precision": 0.9994812124805454,
      "recall": 0.9919093851132686,
      "f1": 0.9956809036878439,
      "support": 13596
    },
    {
      "precision": 0.8872950819672131,
      "recall": 0.9919816723940436,
      "f1": 0.9367225527312061,
      "support": 873
    }
  ],
  "accuracy": 0.9919137466307277
}