,rain,snow
rain,0.996984,0.003016
snow,0.037801,0.962199
