class,precision,recall,f1,support
rain,0.999481,0.991909,0.995681,13596
snow,0.887295,0.991982,0.936723,873
