{
  "_micro": {
    "precision": 0.9363636363636364,
    "recall": 0.9363636363636364,
    "f1": 0.9363636363636364
  },
  "_macro": {
    "precision": 0.9364156541684183,
    "recall": 0.9366241466043838,
    "f1": 0.9363583767253493
  },
  "_weighted": {
    "precision": 0.9367017520947184,
    "recall": 0.9363636363636363,
    "f1": 0.93637123361894
  },
  "per_class": [
    {
      "precision": 0.9235412474849095,
      "recall": 0.9483471074380165,
      "f1": 0.9357798165137616,
      "support": 484
    },
    {
      "precision": 0.949290060851927,
      "recall": 0.924901185770751,
      "f1": 0.9369369369369369,
      "support": 506
    }
  ],
  "accuracy": 0.9363636363636364
}