,Cloudy,Sunny
Cloudy,0.948347,0.051653
Sunny,0.075099,0.924901
