{
  "_micro": {
    "precision": 0.9050505050505051,
    "recall": 0.9050505050505051,
    "f1": 0.9050505050505051
  },
  "_macro": {
    "precision": 0.905776711247913,
    "recall": 0.904926982454372,
    "f1": 0.9052823440436344
  },
  "_weighted": {
    "precision": 0.9054261017352082,
    "recall": 0.9050505050505051,
    "f1": 0.9051677915934447
  },
  "per_class": [
    {
      "precision": 0.8807531380753139,
      "recall": 0.884453781512605,
      "f1": 0.8825995807127884,
      "support": 476
    },
    {
      "precision": 0.8849721706864564,
      "recall": 0.9068441064638784,
      "f1": 0.895774647887324,
      "support": 526
    },
    {
      "precision": 0.9400428265524625,
      "recall": 0.9184100418410042,
      "f1": 0.9291005291005291,
      "support": 478
    },
    {
      "precision": 0.9173387096774194,
      "recall": 0.91,
      "f1": 0.9136546184738956,
      "support": 500
    }
  ],
  "accuracy": 0.9050505050505051
}